{
    "loss": 3.5158441066741943,
    "accuracy": 0.5035971403121948
}