{
    "loss": 9.518763542175293,
    "accuracy": 0.5179855823516846
}